{"cameraMode":{"drawMode":0,"name":"Shaded","section":"Shading Mode"},"sceneLighting":true,"audioPlay":false,"sceneViewState":{"m_AlwaysRefresh":false,"showFog":true,"showSkybox":true,"showFlares":true,"showImageEffects":true,"showParticleSystems":true,"showVisualEffectGraphs":true,"m_FxEnabled":true},"in2DMode":false,"pivot":{"x":-0.14475852251052857,"y":-0.28824931383132937,"z":-6.213424205780029},"rotation":{"x":0.13331253826618195,"y":0.19866418838500977,"z":-0.027287352830171586,"w":0.9705755114555359},"size":2.7929928302764894,"orthographic":true}